name,side,definition,n_train,wr_train,roi_train,n_oos,wr_oos,avg_cote_oos,roi_oos
"H1 H DS cote[2.0,2.5)",H,"bet H: odds_home in [2.0,2.5) AND segment=DS",63,0.4444444444444444,-0.0007936507936507767,26,0.5,2.227307692307692,0.10153846153846156
"H1 H MS_early cote[2.0,2.5)",H,"bet H: odds_home in [2.0,2.5) AND segment=MS_early",170,0.43529411764705883,-0.046235294117647055,84,0.39285714285714285,2.2310714285714286,-0.1236904761904762
"H1 H MS_mid cote[2.0,2.5)",H,"bet H: odds_home in [2.0,2.5) AND segment=MS_mid",249,0.41365461847389556,-0.08907630522088353,100,0.41,2.2168,-0.09720000000000004
"H1 H MS_late cote[2.0,2.5)",H,"bet H: odds_home in [2.0,2.5) AND segment=MS_late",148,0.42567567567567566,-0.06533783783783785,74,0.47297297297297297,2.2201351351351346,0.05351351351351352
"H1 H FS cote[2.0,2.5)",H,"bet H: odds_home in [2.0,2.5) AND segment=FS",67,0.373134328358209,-0.1837313432835821,15,0.4666666666666667,2.194666666666667,0.022666666666666686
"H1 H ALL cote[2.0,2.5)",H,"bet H: odds_home in [2.0,2.5)",697,0.42037302725968434,-0.07470588235294118,299,0.431438127090301,2.2214381270903005,-0.04404682274247493
"H1 H DS cote[2.5,3.0)",H,"bet H: odds_home in [2.5,3.0) AND segment=DS",38,0.39473684210526316,0.04921052631578949,12,0.4166666666666667,2.6675000000000004,0.09916666666666667
"H1 H MS_early cote[2.5,3.0)",H,"bet H: odds_home in [2.5,3.0) AND segment=MS_early",84,0.34523809523809523,-0.09023809523809524,29,0.2413793103448276,2.682413793103448,-0.35344827586206895
"H1 H MS_mid cote[2.5,3.0)",H,"bet H: odds_home in [2.5,3.0) AND segment=MS_mid",114,0.40350877192982454,0.08894736842105264,46,0.4782608695652174,2.664565217391304,0.2741304347826087
"H1 H MS_late cote[2.5,3.0)",H,"bet H: odds_home in [2.5,3.0) AND segment=MS_late",78,0.358974358974359,-0.05025641025641027,28,0.39285714285714285,2.6946428571428567,0.04071428571428574
"H1 H FS cote[2.5,3.0)",H,"bet H: odds_home in [2.5,3.0) AND segment=FS",35,0.2571428571428571,-0.3131428571428572,10,0.4,2.645,0.048
"H1 H ALL cote[2.5,3.0)",H,"bet H: odds_home in [2.5,3.0)",349,0.3638968481375358,-0.029942693409742125,125,0.392,2.674159999999999,0.04135999999999999
"H1 H DS cote[3.0,4.0)",H,"bet H: odds_home in [3.0,4.0) AND segment=DS",19,0.21052631578947367,-0.2563157894736842,13,0.3076923076923077,3.548461538461538,0.07461538461538456
"H1 H MS_early cote[3.0,4.0)",H,"bet H: odds_home in [3.0,4.0) AND segment=MS_early",79,0.3291139240506329,0.16582278481012658,35,0.2857142857142857,3.520571428571429,-0.031714285714285695
"H1 H MS_mid cote[3.0,4.0)",H,"bet H: odds_home in [3.0,4.0) AND segment=MS_mid",103,0.23300970873786409,-0.20436893203883497,49,0.24489795918367346,3.467959183673469,-0.11979591836734692
"H1 H MS_late cote[3.0,4.0)",H,"bet H: odds_home in [3.0,4.0) AND segment=MS_late",47,0.2978723404255319,0.07255319148936172,38,0.2894736842105263,3.5294736842105263,-0.005789473684210508
"H1 H FS cote[3.0,4.0)",H,"bet H: odds_home in [3.0,4.0) AND segment=FS",24,0.2916666666666667,-0.037916666666666675,4,0.0,3.4825,-1.0
"H1 H ALL cote[3.0,4.0)",H,"bet H: odds_home in [3.0,4.0)",272,0.2757352941176471,-0.03794117647058824,139,0.26618705035971224,3.505971223021583,-0.07359712230215829
"H1 H DS cote[4.0,6.0)",H,"bet H: odds_home in [4.0,6.0) AND segment=DS",36,0.08333333333333333,-0.6002777777777778,9,0.2222222222222222,4.83,0.03666666666666658
"H1 H MS_early cote[4.0,6.0)",H,"bet H: odds_home in [4.0,6.0) AND segment=MS_early",84,0.20238095238095238,0.0014285714285714299,30,0.2,5.051333333333333,-0.039333333333333324
"H1 H MS_mid cote[4.0,6.0)",H,"bet H: odds_home in [4.0,6.0) AND segment=MS_mid",120,0.21666666666666667,0.049333333333333326,50,0.24,4.8114,0.1402
"H1 H MS_late cote[4.0,6.0)",H,"bet H: odds_home in [4.0,6.0) AND segment=MS_late",55,0.18181818181818182,-0.08327272727272728,26,0.23076923076923078,4.805384615384615,0.07615384615384614
"H1 H FS cote[4.0,6.0)",H,"bet H: odds_home in [4.0,6.0) AND segment=FS",37,0.3783783783783784,0.8345945945945946,8,0.375,5.1775,0.7762500000000001
"H1 H ALL cote[4.0,6.0)",H,"bet H: odds_home in [4.0,6.0)",332,0.21084337349397592,0.03231927710843377,123,0.23577235772357724,4.893821138211382,0.11666666666666668
"H1 H DS cote[1.0,1.3)",H,"bet H: odds_home in [1.0,1.3) AND segment=DS",42,0.8095238095238095,-0.017380952380952396,11,0.7272727272727273,1.23,-0.10545454545454547
"H1 H MS_early cote[1.0,1.3)",H,"bet H: odds_home in [1.0,1.3) AND segment=MS_early",93,0.8172043010752689,-0.007311827956989268,37,0.7837837837837838,1.208918918918919,-0.05810810810810814
"H1 H MS_mid cote[1.0,1.3)",H,"bet H: odds_home in [1.0,1.3) AND segment=MS_mid",129,0.7131782945736435,-0.13713178294573647,49,0.7551020408163265,1.2224489795918367,-0.0785714285714286
"H1 H MS_late cote[1.0,1.3)",H,"bet H: odds_home in [1.0,1.3) AND segment=MS_late",78,0.8205128205128205,-0.008076923076923084,36,0.8333333333333334,1.2072222222222224,-0.00027777777777779653
"H1 H FS cote[1.0,1.3)",H,"bet H: odds_home in [1.0,1.3) AND segment=FS",28,0.75,-0.09464285714285715,13,0.6923076923076923,1.2253846153846155,-0.15615384615384617
"H1 H ALL cote[1.0,1.3)",H,"bet H: odds_home in [1.0,1.3)",370,0.7756756756756756,-0.060486486486486496,146,0.773972602739726,1.216095890410959,-0.063013698630137
"H1 H DS cote[1.3,1.5)",H,"bet H: odds_home in [1.3,1.5) AND segment=DS",57,0.7368421052631579,0.028245614035087706,23,0.6956521739130435,1.392608695652174,-0.03913043478260867
"H1 H MS_early cote[1.3,1.5)",H,"bet H: odds_home in [1.3,1.5) AND segment=MS_early",144,0.625,-0.12055555555555558,50,0.78,1.3966,0.08559999999999998
"H1 H MS_mid cote[1.3,1.5)",H,"bet H: odds_home in [1.3,1.5) AND segment=MS_mid",185,0.6810810810810811,-0.05924324324324323,118,0.6271186440677966,1.3982203389830512,-0.1286440677966102
"H1 H MS_late cote[1.3,1.5)",H,"bet H: odds_home in [1.3,1.5) AND segment=MS_late",115,0.6347826086956522,-0.11800000000000001,69,0.6231884057971014,1.3986956521739131,-0.12971014492753621
"H1 H FS cote[1.3,1.5)",H,"bet H: odds_home in [1.3,1.5) AND segment=FS",70,0.6,-0.16142857142857148,15,0.9333333333333333,1.38,0.29133333333333333
"H1 H ALL cote[1.3,1.5)",H,"bet H: odds_home in [1.3,1.5)",571,0.6532399299474606,-0.09033274956217163,275,0.6763636363636364,1.3965818181818181,-0.059563636363636374
"H1 H DS cote[1.5,1.8)",H,"bet H: odds_home in [1.5,1.8) AND segment=DS",70,0.6714285714285714,0.09571428571428572,30,0.4666666666666667,1.6506666666666667,-0.23366666666666666
"H1 H MS_early cote[1.5,1.8)",H,"bet H: odds_home in [1.5,1.8) AND segment=MS_early",185,0.5351351351351351,-0.11983783783783784,85,0.6352941176470588,1.6438823529411764,0.040117647058823536
"H1 H MS_mid cote[1.5,1.8)",H,"bet H: odds_home in [1.5,1.8) AND segment=MS_mid",279,0.5878136200716846,-0.03817204301075271,110,0.6818181818181818,1.6388181818181817,0.11818181818181818
"H1 H MS_late cote[1.5,1.8)",H,"bet H: odds_home in [1.5,1.8) AND segment=MS_late",154,0.6103896103896104,0.0031818181818181832,75,0.5866666666666667,1.6521333333333335,-0.03573333333333334
"H1 H FS cote[1.5,1.8)",H,"bet H: odds_home in [1.5,1.8) AND segment=FS",65,0.6,-0.014615384615384612,12,0.6666666666666666,1.6391666666666664,0.07916666666666668
"H1 H ALL cote[1.5,1.8)",H,"bet H: odds_home in [1.5,1.8)",753,0.5883134130146083,-0.03529880478087649,312,0.625,1.6445512820512822,0.024583333333333336
"H1 H DS cote[1.8,2.0)",H,"bet H: odds_home in [1.8,2.0) AND segment=DS",49,0.42857142857142855,-0.18448979591836734,13,0.3076923076923077,1.8846153846153846,-0.4176923076923077
"H1 H MS_early cote[1.8,2.0)",H,"bet H: odds_home in [1.8,2.0) AND segment=MS_early",112,0.5178571428571429,-0.026071428571428572,47,0.40425531914893614,1.8882978723404258,-0.24
"H1 H MS_mid cote[1.8,2.0)",H,"bet H: odds_home in [1.8,2.0) AND segment=MS_mid",138,0.5797101449275363,0.08985507246376812,75,0.48,1.8906666666666667,-0.09533333333333335
"H1 H MS_late cote[1.8,2.0)",H,"bet H: odds_home in [1.8,2.0) AND segment=MS_late",87,0.4827586206896552,-0.0982758620689655,50,0.52,1.881,-0.017800000000000007
"H1 H FS cote[1.8,2.0)",H,"bet H: odds_home in [1.8,2.0) AND segment=FS",35,0.6285714285714286,0.18999999999999997,15,0.4666666666666667,1.8913333333333333,-0.12533333333333327
"H1 H ALL cote[1.8,2.0)",H,"bet H: odds_home in [1.8,2.0)",421,0.5296912114014252,-0.0034679334916864588,200,0.46,1.88735,-0.13315
"H1 A DS cote[2.0,2.5)",A,"bet A: odds_away in [2.0,2.5) AND segment=DS",30,0.5333333333333333,0.2076666666666667,10,0.2,2.301,-0.5269999999999999
"H1 A MS_early cote[2.0,2.5)",A,"bet A: odds_away in [2.0,2.5) AND segment=MS_early",82,0.3780487804878049,-0.1303658536585366,36,0.3055555555555556,2.223333333333333,-0.2994444444444444
"H1 A MS_mid cote[2.0,2.5)",A,"bet A: odds_away in [2.0,2.5) AND segment=MS_mid",118,0.423728813559322,-0.06627118644067799,47,0.3617021276595745,2.2159574468085106,-0.20063829787234042
"H1 A MS_late cote[2.0,2.5)",A,"bet A: odds_away in [2.0,2.5) AND segment=MS_late",57,0.47368421052631576,0.060877192982456155,26,0.4230769230769231,2.237692307692308,-0.044230769230769226
"H1 A FS cote[2.0,2.5)",A,"bet A: odds_away in [2.0,2.5) AND segment=FS",35,0.2571428571428571,-0.40914285714285714,6,0.8333333333333334,2.3316666666666666,0.9416666666666668
"H1 A ALL cote[2.0,2.5)",A,"bet A: odds_away in [2.0,2.5)",322,0.41304347826086957,-0.07183229813664598,125,0.368,2.23496,-0.16783999999999996
"H1 A DS cote[2.5,3.0)",A,"bet A: odds_away in [2.5,3.0) AND segment=DS",51,0.27450980392156865,-0.2629411764705883,17,0.29411764705882354,2.788235294117647,-0.21058823529411763
"H1 A MS_early cote[2.5,3.0)",A,"bet A: odds_away in [2.5,3.0) AND segment=MS_early",119,0.3697478991596639,0.016050420168067195,52,0.38461538461538464,2.781346153846154,0.06653846153846152
"H1 A MS_mid cote[2.5,3.0)",A,"bet A: odds_away in [2.5,3.0) AND segment=MS_mid",169,0.33136094674556216,-0.0885207100591716,72,0.4444444444444444,2.7709722222222224,0.2216666666666667
"H1 A MS_late cote[2.5,3.0)",A,"bet A: odds_away in [2.5,3.0) AND segment=MS_late",115,0.3652173913043478,0.004956521739130433,47,0.2978723404255319,2.754468085106383,-0.16148936170212766
"H1 A FS cote[2.5,3.0)",A,"bet A: odds_away in [2.5,3.0) AND segment=FS",43,0.27906976744186046,-0.25209302325581395,13,0.15384615384615385,2.7161538461538464,-0.5876923076923076
"H1 A ALL cote[2.5,3.0)",A,"bet A: odds_away in [2.5,3.0)",497,0.3380281690140845,-0.07390342052313885,201,0.36318407960199006,2.7677114427860694,0.0030348258706467657
"H1 A DS cote[3.0,4.0)",A,"bet A: odds_away in [3.0,4.0) AND segment=DS",72,0.3611111111111111,0.2713888888888889,25,0.28,3.4263999999999997,-0.07760000000000006
"H1 A MS_early cote[3.0,4.0)",A,"bet A: odds_away in [3.0,4.0) AND segment=MS_early",192,0.3072916666666667,0.0621875,91,0.2967032967032967,3.513076923076923,0.02538461538461539
"H1 A MS_mid cote[3.0,4.0)",A,"bet A: odds_away in [3.0,4.0) AND segment=MS_mid",265,0.28679245283018867,-0.007886792452830206,117,0.23076923076923078,3.479230769230769,-0.2353846153846154
"H1 A MS_late cote[3.0,4.0)",A,"bet A: odds_away in [3.0,4.0) AND segment=MS_late",159,0.22012578616352202,-0.23138364779874218,81,0.32098765432098764,3.501234567901234,0.12728395061728393
"H1 A FS cote[3.0,4.0)",A,"bet A: odds_away in [3.0,4.0) AND segment=FS",70,0.24285714285714285,-0.18257142857142863,18,0.2222222222222222,3.4994444444444444,-0.24722222222222223
"H1 A ALL cote[3.0,4.0)",A,"bet A: odds_away in [3.0,4.0)",758,0.28100263852242746,-0.02662269129287598,332,0.2740963855421687,3.4909939759036144,-0.06418674698795182
"H1 A DS cote[4.0,6.0)",A,"bet A: odds_away in [4.0,6.0) AND segment=DS",87,0.20689655172413793,-0.03827586206896549,40,0.25,4.897749999999999,0.19149999999999995
"H1 A MS_early cote[4.0,6.0)",A,"bet A: odds_away in [4.0,6.0) AND segment=MS_early",221,0.19909502262443438,-0.03714932126696833,93,0.13978494623655913,4.860537634408601,-0.30537634408602143
"H1 A MS_mid cote[4.0,6.0)",A,"bet A: odds_away in [4.0,6.0) AND segment=MS_mid",312,0.20833333333333334,-0.020320512820512813,138,0.2028985507246377,4.881304347826087,-0.012028985507246404
"H1 A MS_late cote[4.0,6.0)",A,"bet A: odds_away in [4.0,6.0) AND segment=MS_late",165,0.12727272727272726,-0.37133333333333335,99,0.2222222222222222,4.818181818181818,0.03424242424242425
"H1 A FS cote[4.0,6.0)",A,"bet A: odds_away in [4.0,6.0) AND segment=FS",74,0.16216216216216217,-0.22959459459459453,19,0.21052631578947367,4.8910526315789475,-0.10578947368421052
"H1 A ALL cote[4.0,6.0)",A,"bet A: odds_away in [4.0,6.0)",859,0.18626309662398138,-0.11192083818393479,389,0.19794344473007713,4.862442159383034,-0.054035989717223655
"H1 A DS cote[1.0,1.3)",A,"bet A: odds_away in [1.0,1.3) AND segment=DS",6,0.8333333333333334,-0.03833333333333341,2,1.0,1.17,0.16999999999999993
"H1 A MS_early cote[1.0,1.3)",A,"bet A: odds_away in [1.0,1.3) AND segment=MS_early",18,0.8333333333333334,-0.005000000000000029,9,0.8888888888888888,1.1833333333333331,0.05222222222222222
"H1 A MS_mid cote[1.0,1.3)",A,"bet A: odds_away in [1.0,1.3) AND segment=MS_mid",24,0.8333333333333334,-0.010416666666666676,14,0.8571428571428571,1.195714285714286,0.028571428571428532
"H1 A MS_late cote[1.0,1.3)",A,"bet A: odds_away in [1.0,1.3) AND segment=MS_late",14,0.7857142857142857,-0.07000000000000002,6,1.0,1.2,0.19999999999999998
"H1 A FS cote[1.0,1.3)",A,"bet A: odds_away in [1.0,1.3) AND segment=FS",7,0.8571428571428571,-0.00857142857142861,2,1.0,1.205,0.20499999999999996
"H1 A ALL cote[1.0,1.3)",A,"bet A: odds_away in [1.0,1.3)",69,0.8260869565217391,-0.02333333333333336,33,0.9090909090909091,1.192121212121212,0.08545454545454544
"H1 A DS cote[1.3,1.5)",A,"bet A: odds_away in [1.3,1.5) AND segment=DS",16,0.75,0.04187499999999998,2,1.0,1.3900000000000001,0.39
"H1 A MS_early cote[1.3,1.5)",A,"bet A: odds_away in [1.3,1.5) AND segment=MS_early",34,0.5882352941176471,-0.18029411764705883,12,0.8333333333333334,1.4000000000000001,0.15749999999999997
"H1 A MS_mid cote[1.3,1.5)",A,"bet A: odds_away in [1.3,1.5) AND segment=MS_mid",46,0.6521739130434783,-0.0958695652173913,24,0.7916666666666666,1.4037499999999998,0.10416666666666667
"H1 A MS_late cote[1.3,1.5)",A,"bet A: odds_away in [1.3,1.5) AND segment=MS_late",24,0.8333333333333334,0.16375000000000003,12,0.75,1.41,0.041666666666666664
"H1 A FS cote[1.3,1.5)",A,"bet A: odds_away in [1.3,1.5) AND segment=FS",17,0.6470588235294118,-0.10588235294117647,1,1.0,1.41,0.4099999999999999
"H1 A ALL cote[1.3,1.5)",A,"bet A: odds_away in [1.3,1.5)",137,0.6788321167883211,-0.056496350364963505,51,0.803921568627451,1.4039215686274509,0.11921568627450979
"H1 A DS cote[1.5,1.8)",A,"bet A: odds_away in [1.5,1.8) AND segment=DS",35,0.8,0.31085714285714283,10,0.6,1.643,-0.010000000000000009
"H1 A MS_early cote[1.5,1.8)",A,"bet A: odds_away in [1.5,1.8) AND segment=MS_early",87,0.5747126436781609,-0.055747126436781605,34,0.5882352941176471,1.6270588235294117,-0.05294117647058823
"H1 A MS_mid cote[1.5,1.8)",A,"bet A: odds_away in [1.5,1.8) AND segment=MS_mid",121,0.5867768595041323,-0.042809917355371915,47,0.5319148936170213,1.655957446808511,-0.1357446808510638
"H1 A MS_late cote[1.5,1.8)",A,"bet A: odds_away in [1.5,1.8) AND segment=MS_late",62,0.5645161290322581,-0.077741935483871,31,0.5806451612903226,1.6403225806451611,-0.04322580645161292
"H1 A FS cote[1.5,1.8)",A,"bet A: odds_away in [1.5,1.8) AND segment=FS",39,0.41025641025641024,-0.3271794871794872,9,0.3333333333333333,1.6055555555555554,-0.47888888888888886
"H1 A ALL cote[1.5,1.8)",A,"bet A: odds_away in [1.5,1.8)",344,0.5813953488372093,-0.048633720930232556,131,0.549618320610687,1.6403053435114505,-0.10633587786259543
"H1 A DS cote[1.8,2.0)",A,"bet A: odds_away in [1.8,2.0) AND segment=DS",13,0.6153846153846154,0.1630769230769231,10,0.5,1.8940000000000001,-0.06700000000000002
"H1 A MS_early cote[1.8,2.0)",A,"bet A: odds_away in [1.8,2.0) AND segment=MS_early",46,0.4782608695652174,-0.1017391304347826,20,0.35,1.879,-0.3485
"H1 A MS_mid cote[1.8,2.0)",A,"bet A: odds_away in [1.8,2.0) AND segment=MS_mid",63,0.4126984126984127,-0.22698412698412698,29,0.6206896551724138,1.8862068965517242,0.1624137931034483
"H1 A MS_late cote[1.8,2.0)",A,"bet A: odds_away in [1.8,2.0) AND segment=MS_late",33,0.45454545454545453,-0.1466666666666667,29,0.5172413793103449,1.9117241379310344,-0.012068965517241383
"H1 A FS cote[1.8,2.0)",A,"bet A: odds_away in [1.8,2.0) AND segment=FS",15,0.4,-0.24599999999999997,2,0.5,1.96,-0.010000000000000009
"H1 A ALL cote[1.8,2.0)",A,"bet A: odds_away in [1.8,2.0)",170,0.45294117647058824,-0.1493529411764706,90,0.5111111111111111,1.8953333333333335,-0.03666666666666667
"H1 D DS cote[2.9,3.2)",D,"bet DRAW: odds_draw in [2.9,3.2) AND segment=DS",7,0.42857142857142855,0.3542857142857142,7,0.2857142857142857,3.0728571428571425,-0.11428571428571425
"H1 D MS_early cote[2.9,3.2)",D,"bet DRAW: odds_draw in [2.9,3.2) AND segment=MS_early",23,0.30434782608695654,-0.06521739130434782,14,0.2857142857142857,3.108571428571429,-0.12285714285714285
"H1 D MS_mid cote[2.9,3.2)",D,"bet DRAW: odds_draw in [2.9,3.2) AND segment=MS_mid",34,0.29411764705882354,-0.09029411764705882,14,0.35714285714285715,3.0871428571428576,0.10214285714285716
"H1 D MS_late cote[2.9,3.2)",D,"bet DRAW: odds_draw in [2.9,3.2) AND segment=MS_late",24,0.3333333333333333,0.019583333333333324,12,0.3333333333333333,3.1074999999999995,0.029166666666666674
"H1 D FS cote[2.9,3.2)",D,"bet DRAW: odds_draw in [2.9,3.2) AND segment=FS",7,0.5714285714285714,0.7785714285714286,3,0.0,3.1366666666666667,-1.0
"H1 D ALL cote[2.9,3.2)",D,"bet DRAW: odds_draw in [2.9,3.2)",95,0.3368421052631579,0.040315789473684194,50,0.3,3.0989999999999998,-0.0748
"H1 D DS cote[3.2,3.6)",D,"bet DRAW: odds_draw in [3.2,3.6) AND segment=DS",75,0.24,-0.16626666666666667,23,0.30434782608695654,3.430869565217392,0.026086956521739136
"H1 D MS_early cote[3.2,3.6)",D,"bet DRAW: odds_draw in [3.2,3.6) AND segment=MS_early",174,0.23563218390804597,-0.18902298850574714,80,0.3125,3.4396249999999995,0.07625000000000004
"H1 D MS_mid cote[3.2,3.6)",D,"bet DRAW: odds_draw in [3.2,3.6) AND segment=MS_mid",237,0.25738396624472576,-0.11721518987341772,113,0.19469026548672566,3.4297345132743358,-0.34424778761061947
"H1 D MS_late cote[3.2,3.6)",D,"bet DRAW: odds_draw in [3.2,3.6) AND segment=MS_late",148,0.3310810810810811,0.1437162162162162,66,0.24242424242424243,3.4515151515151516,-0.15863636363636363
"H1 D FS cote[3.2,3.6)",D,"bet DRAW: odds_draw in [3.2,3.6) AND segment=FS",73,0.2602739726027397,-0.1043835616438356,19,0.2631578947368421,3.4194736842105264,-0.10157894736842103
"H1 D ALL cote[3.2,3.6)",D,"bet DRAW: odds_draw in [3.2,3.6)",707,0.26591230551626593,-0.08414427157001415,301,0.24916943521594684,3.4365780730897004,-0.14817275747508304
"H1 D DS cote[3.6,4.5)",D,"bet DRAW: odds_draw in [3.6,4.5) AND segment=DS",186,0.16666666666666666,-0.33779569892473116,73,0.273972602739726,3.976986301369863,0.0924657534246575
"H1 D MS_early cote[3.6,4.5)",D,"bet DRAW: odds_draw in [3.6,4.5) AND segment=MS_early",489,0.23721881390593047,-0.05738241308793455,201,0.26865671641791045,3.982985074626866,0.05442786069651739
"H1 D MS_mid cote[3.6,4.5)",D,"bet DRAW: odds_draw in [3.6,4.5) AND segment=MS_mid",706,0.2237960339943343,-0.11685552407932011,299,0.23411371237458195,3.987959866220736,-0.0820401337792642
"H1 D MS_late cote[3.6,4.5)",D,"bet DRAW: odds_draw in [3.6,4.5) AND segment=MS_late",391,0.23017902813299232,-0.0820460358056266,219,0.1872146118721461,3.952054794520548,-0.26602739726027397
"H1 D FS cote[3.6,4.5)",D,"bet DRAW: odds_draw in [3.6,4.5) AND segment=FS",176,0.30113636363636365,0.19613636363636366,43,0.23255813953488372,3.9879069767441857,-0.07883720930232556
"H1 D ALL cote[3.6,4.5)",D,"bet DRAW: odds_draw in [3.6,4.5)",1948,0.2299794661190965,-0.08775667351129363,835,0.23353293413173654,3.9763832335329337,-0.0820239520958084
"H1 D DS cote[4.5,9.5)",D,"bet DRAW: odds_draw in [4.5,9.5) AND segment=DS",132,0.14393939393939395,-0.1971969696969697,40,0.125,5.5962499999999995,-0.2855
"H1 D MS_early cote[4.5,9.5)",D,"bet DRAW: odds_draw in [4.5,9.5) AND segment=MS_early",327,0.19877675840978593,0.048593272171253844,130,0.16923076923076924,5.638846153846154,-0.12384615384615383
"H1 D MS_mid cote[4.5,9.5)",D,"bet DRAW: odds_draw in [4.5,9.5) AND segment=MS_mid",430,0.1813953488372093,0.006534883720930255,213,0.15023474178403756,5.5102347417840365,-0.19154929577464788
"H1 D MS_late cote[4.5,9.5)",D,"bet DRAW: odds_draw in [4.5,9.5) AND segment=MS_late",250,0.176,-0.06548,125,0.16,5.693759999999999,-0.15896000000000002
"H1 D FS cote[4.5,9.5)",D,"bet DRAW: odds_draw in [4.5,9.5) AND segment=FS",135,0.2074074074074074,0.1100740740740741,31,0.0967741935483871,5.858064516129032,-0.36870967741935484
"H1 D ALL cote[4.5,9.5)",D,"bet DRAW: odds_draw in [4.5,9.5)",1274,0.1836734693877551,-0.006938775510204084,539,0.15213358070500926,5.610204081632652,-0.18482374768089055
"H2 H value edge>=0.05 cote[2.0,6.0)",H,"bet HOME: odds_home in [2.0,6.0) AND (train_home_WR(team_a) - 1/odds_home) >= 0.05",634,0.3264984227129338,0.0031072555205047246,243,0.35802469135802467,3.4066255144032924,0.13057613168724277
"H2 A value edge>=0.05 cote[2.0,6.0)",A,"bet AWAY: odds_away in [2.0,6.0) AND (train_away_WR(team_b) - 1/odds_away) >= 0.05",497,0.29979879275653926,0.10925553319919516,228,0.24561403508771928,4.058596491228069,-0.06219298245614035
"H2 H value edge>=0.1 cote[2.0,6.0)",H,"bet HOME: odds_home in [2.0,6.0) AND (train_home_WR(team_a) - 1/odds_home) >= 0.1",450,0.30444444444444446,0.03519999999999998,175,0.36,3.6710857142857147,0.2190285714285714
"H2 A value edge>=0.1 cote[2.0,6.0)",A,"bet AWAY: odds_away in [2.0,6.0) AND (train_away_WR(team_b) - 1/odds_away) >= 0.1",263,0.2509505703422053,0.02307984790874526,129,0.21705426356589147,4.254418604651162,-0.14170542635658914
"H2 H value edge>=0.15 cote[2.0,6.0)",H,"bet HOME: odds_home in [2.0,6.0) AND (train_home_WR(team_a) - 1/odds_home) >= 0.15",344,0.27906976744186046,-0.01531976744186046,136,0.3602941176470588,3.7942647058823527,0.26433823529411765
"H2 A value edge>=0.15 cote[2.0,6.0)",A,"bet AWAY: odds_away in [2.0,6.0) AND (train_away_WR(team_b) - 1/odds_away) >= 0.15",126,0.23015873015873015,-0.08333333333333333,62,0.1774193548387097,4.44258064516129,-0.28241935483870967
"H2 H segdelta>=0.08 cote[2.0,6.0)",H,"bet HOME: odds_home in [2.0,6.0) AND train (home_WR_segment - home_WR_global)(team_a) >= 0.08 (n_seg>=8)",96,0.5625,0.6307291666666667,36,0.4166666666666667,3.053333333333333,0.14
"H2 A segdelta>=0.08 cote[2.0,6.0)",A,"bet AWAY: odds_away in [2.0,6.0) AND train (away_WR_segment - away_WR_global)(team_b) >= 0.08 (n_seg>=8)",176,0.42613636363636365,0.4121590909090909,70,0.24285714285714285,3.6807142857142856,-0.20214285714285718
"H2 H segdelta>=0.12 cote[2.0,6.0)",H,"bet HOME: odds_home in [2.0,6.0) AND train (home_WR_segment - home_WR_global)(team_a) >= 0.12 (n_seg>=8)",72,0.6111111111111112,0.6779166666666667,24,0.4583333333333333,2.8550000000000004,0.20999999999999996
"H2 A segdelta>=0.12 cote[2.0,6.0)",A,"bet AWAY: odds_away in [2.0,6.0) AND train (away_WR_segment - away_WR_global)(team_b) >= 0.12 (n_seg>=8)",82,0.45121951219512196,0.5054878048780488,34,0.17647058823529413,3.927058823529412,-0.3905882352941177
"H2 H value edge>=0.05 cote[2.0,3.0)",H,"bet HOME: odds_home in [2.0,3.0) AND (train_home_WR(team_a) - 1/odds_home) >= 0.05",316,0.41139240506329117,-0.0036392405063291264,113,0.45132743362831856,2.4439823008849566,0.10053097345132744
"H2 A value edge>=0.05 cote[2.0,3.0)",A,"bet AWAY: odds_away in [2.0,3.0) AND (train_away_WR(team_b) - 1/odds_away) >= 0.05",113,0.415929203539823,0.05159292035398233,47,0.2765957446808511,2.6034042553191497,-0.2895744680851064
"H2 H value edge>=0.1 cote[2.0,3.0)",H,"bet HOME: odds_home in [2.0,3.0) AND (train_home_WR(team_a) - 1/odds_home) >= 0.1",159,0.4025157232704403,0.006226415094339624,59,0.5084745762711864,2.4977966101694915,0.27440677966101695
"H2 A value edge>=0.1 cote[2.0,3.0)",A,"bet AWAY: odds_away in [2.0,3.0) AND (train_away_WR(team_b) - 1/odds_away) >= 0.1",48,0.2708333333333333,-0.23979166666666665,27,0.2962962962962963,2.738148148148149,-0.2051851851851852
"H2 H value edge>=0.15 cote[2.0,3.0)",H,"bet HOME: odds_home in [2.0,3.0) AND (train_home_WR(team_a) - 1/odds_home) >= 0.15",97,0.38144329896907214,-0.05618556701030931,36,0.5555555555555556,2.4869444444444446,0.38250000000000006
"H2 A value edge>=0.15 cote[2.0,3.0)",A,"bet AWAY: odds_away in [2.0,3.0) AND (train_away_WR(team_b) - 1/odds_away) >= 0.15",45,0.26666666666666666,-0.24422222222222223,21,0.23809523809523808,2.8471428571428574,-0.3085714285714286
"H2 H segdelta>=0.08 cote[2.0,3.0)",H,"bet HOME: odds_home in [2.0,3.0) AND train (home_WR_segment - home_WR_global)(team_a) >= 0.08 (n_seg>=8)",69,0.5797101449275363,0.37666666666666665,22,0.5,2.355909090909091,0.16909090909090907
"H2 A segdelta>=0.08 cote[2.0,3.0)",A,"bet AWAY: odds_away in [2.0,3.0) AND train (away_WR_segment - away_WR_global)(team_b) >= 0.08 (n_seg>=8)",65,0.5230769230769231,0.30646153846153845,21,0.3333333333333333,2.567619047619048,-0.12761904761904763
"H2 H segdelta>=0.12 cote[2.0,3.0)",H,"bet HOME: odds_home in [2.0,3.0) AND train (home_WR_segment - home_WR_global)(team_a) >= 0.12 (n_seg>=8)",57,0.6140350877192983,0.451578947368421,18,0.5,2.354444444444445,0.18388888888888888
"H2 A segdelta>=0.12 cote[2.0,3.0)",A,"bet AWAY: odds_away in [2.0,3.0) AND train (away_WR_segment - away_WR_global)(team_b) >= 0.12 (n_seg>=8)",32,0.5,0.19374999999999998,11,0.18181818181818182,2.467272727272727,-0.5499999999999999
"H2 H value edge>=0.05 cote[3.0,6.0)",H,"bet HOME: odds_home in [3.0,6.0) AND (train_home_WR(team_a) - 1/odds_home) >= 0.05",318,0.24213836477987422,0.009811320754716973,130,0.27692307692307694,4.243384615384615,0.1566923076923077
"H2 A value edge>=0.05 cote[3.0,6.0)",A,"bet AWAY: odds_away in [3.0,6.0) AND (train_away_WR(team_b) - 1/odds_away) >= 0.05",384,0.265625,0.12622395833333333,181,0.23756906077348067,4.43646408839779,-0.003149171270718224
"H2 H value edge>=0.1 cote[3.0,6.0)",H,"bet HOME: odds_home in [3.0,6.0) AND (train_home_WR(team_a) - 1/odds_home) >= 0.1",291,0.2508591065292096,0.05103092783505156,116,0.28448275862068967,4.267844827586207,0.19086206896551725
"H2 A value edge>=0.1 cote[3.0,6.0)",A,"bet AWAY: odds_away in [3.0,6.0) AND (train_away_WR(team_b) - 1/odds_away) >= 0.1",215,0.24651162790697675,0.08176744186046513,102,0.19607843137254902,4.65578431372549,-0.12490196078431375
"H2 H value edge>=0.15 cote[3.0,6.0)",H,"bet HOME: odds_home in [3.0,6.0) AND (train_home_WR(team_a) - 1/odds_home) >= 0.15",247,0.2388663967611336,0.0007287449392712395,100,0.29,4.2649,0.2218
"H2 A value edge>=0.15 cote[3.0,6.0)",A,"bet AWAY: odds_away in [3.0,6.0) AND (train_away_WR(team_b) - 1/odds_away) >= 0.15",81,0.20987654320987653,0.006049382716049385,41,0.14634146341463414,5.259756097560976,-0.26902439024390246
"H2 H segdelta>=0.08 cote[3.0,6.0)",H,"bet HOME: odds_home in [3.0,6.0) AND train (home_WR_segment - home_WR_global)(team_a) >= 0.08 (n_seg>=8)",27,0.5185185185185185,1.28,14,0.2857142857142857,4.149285714285715,0.09428571428571428
"H2 A segdelta>=0.08 cote[3.0,6.0)",A,"bet AWAY: odds_away in [3.0,6.0) AND train (away_WR_segment - away_WR_global)(team_b) >= 0.08 (n_seg>=8)",111,0.36936936936936937,0.47405405405405404,49,0.20408163265306123,4.1577551020408166,-0.2340816326530612
"H2 H segdelta>=0.12 cote[3.0,6.0)",H,"bet HOME: odds_home in [3.0,6.0) AND train (home_WR_segment - home_WR_global)(team_a) >= 0.12 (n_seg>=8)",15,0.6,1.538,6,0.3333333333333333,4.3566666666666665,0.28833333333333333
"H2 A segdelta>=0.12 cote[3.0,6.0)",A,"bet AWAY: odds_away in [3.0,6.0) AND train (away_WR_segment - away_WR_global)(team_b) >= 0.12 (n_seg>=8)",50,0.42,0.705,23,0.17391304347826086,4.625217391304347,-0.31434782608695655
"H2 H value edge>=0.05 cote[2.0,2.5)",H,"bet HOME: odds_home in [2.0,2.5) AND (train_home_WR(team_a) - 1/odds_home) >= 0.05",197,0.4263959390862944,-0.04050761421319799,71,0.4507042253521127,2.2618309859154935,0.020985915492957738
"H2 A value edge>=0.05 cote[2.0,2.5)",A,"bet AWAY: odds_away in [2.0,2.5) AND (train_away_WR(team_b) - 1/odds_away) >= 0.05",42,0.5,0.08071428571428572,18,0.3333333333333333,2.2044444444444444,-0.2627777777777778
"H2 H value edge>=0.1 cote[2.0,2.5)",H,"bet HOME: odds_home in [2.0,2.5) AND (train_home_WR(team_a) - 1/odds_home) >= 0.1",69,0.43478260869565216,-0.010579710144927548,28,0.5,2.281428571428571,0.14464285714285716
"H2 A value edge>=0.1 cote[2.0,2.5)",A,"bet AWAY: odds_away in [2.0,2.5) AND (train_away_WR(team_b) - 1/odds_away) >= 0.1",3,0.3333333333333333,-0.17333333333333334,6,0.5,2.356666666666667,0.15666666666666665
"H2 H value edge>=0.15 cote[2.0,2.5)",H,"bet HOME: odds_home in [2.0,2.5) AND (train_home_WR(team_a) - 1/odds_home) >= 0.15",57,0.40350877192982454,-0.08719298245614034,22,0.5454545454545454,2.2877272727272726,0.24954545454545454
"H2 A value edge>=0.15 cote[2.0,2.5)",A,"bet AWAY: odds_away in [2.0,2.5) AND (train_away_WR(team_b) - 1/odds_away) >= 0.15",0,,,0,,,
"H2 H segdelta>=0.08 cote[2.0,2.5)",H,"bet HOME: odds_home in [2.0,2.5) AND train (home_WR_segment - home_WR_global)(team_a) >= 0.08 (n_seg>=8)",44,0.6363636363636364,0.41409090909090907,17,0.5294117647058824,2.2694117647058825,0.19294117647058823
"H2 A segdelta>=0.08 cote[2.0,2.5)",A,"bet AWAY: odds_away in [2.0,2.5) AND train (away_WR_segment - away_WR_global)(team_b) >= 0.08 (n_seg>=8)",25,0.64,0.4444000000000001,9,0.2222222222222222,2.278888888888889,-0.48000000000000004
"H2 H segdelta>=0.12 cote[2.0,2.5)",H,"bet HOME: odds_home in [2.0,2.5) AND train (home_WR_segment - home_WR_global)(team_a) >= 0.12 (n_seg>=8)",38,0.6842105263157895,0.5247368421052632,14,0.5,2.2721428571428572,0.13357142857142854
"H2 A segdelta>=0.12 cote[2.0,2.5)",A,"bet AWAY: odds_away in [2.0,2.5) AND train (away_WR_segment - away_WR_global)(team_b) >= 0.12 (n_seg>=8)",15,0.6666666666666666,0.48733333333333334,7,0.14285714285714285,2.2585714285714285,-0.6799999999999999
"H2 H value edge>=0.05 cote[2.5,3.5)",H,"bet HOME: odds_home in [2.5,3.5) AND (train_home_WR(team_a) - 1/odds_home) >= 0.05",167,0.3652694610778443,0.04305389221556888,62,0.45161290322580644,2.897258064516128,0.2990322580645162
"H2 A value edge>=0.05 cote[2.5,3.5)",A,"bet AWAY: odds_away in [2.5,3.5) AND (train_away_WR(team_b) - 1/odds_away) >= 0.05",159,0.3270440251572327,-0.002830188679245276,65,0.3076923076923077,3.080923076923077,-0.041692307692307695
"H2 H value edge>=0.1 cote[2.5,3.5)",H,"bet HOME: odds_home in [2.5,3.5) AND (train_home_WR(team_a) - 1/odds_home) >= 0.1",134,0.3656716417910448,0.045373134328358225,51,0.49019607843137253,2.892941176470588,0.4080392156862745
"H2 A value edge>=0.1 cote[2.5,3.5)",A,"bet AWAY: odds_away in [2.5,3.5) AND (train_away_WR(team_b) - 1/odds_away) >= 0.1",77,0.2597402597402597,-0.222987012987013,32,0.25,3.0128125,-0.23875000000000002
"H2 H value edge>=0.15 cote[2.5,3.5)",H,"bet HOME: odds_home in [2.5,3.5) AND (train_home_WR(team_a) - 1/odds_home) >= 0.15",79,0.3291139240506329,-0.02,30,0.5333333333333333,2.986333333333333,0.5826666666666668
"H2 A value edge>=0.15 cote[2.5,3.5)",A,"bet AWAY: odds_away in [2.5,3.5) AND (train_away_WR(team_b) - 1/odds_away) >= 0.15",63,0.25396825396825395,-0.2619047619047619,24,0.25,2.8970833333333332,-0.2683333333333333
"H2 H segdelta>=0.08 cote[2.5,3.5)",H,"bet HOME: odds_home in [2.5,3.5) AND train (home_WR_segment - home_WR_global)(team_a) >= 0.08 (n_seg>=8)",31,0.41935483870967744,0.16935483870967738,9,0.4444444444444444,2.895555555555555,0.31888888888888883
"H2 A segdelta>=0.08 cote[2.5,3.5)",A,"bet AWAY: odds_away in [2.5,3.5) AND train (away_WR_segment - away_WR_global)(team_b) >= 0.08 (n_seg>=8)",72,0.4305555555555556,0.25111111111111106,24,0.375,2.981666666666667,0.09874999999999996
"H2 H segdelta>=0.12 cote[2.5,3.5)",H,"bet HOME: odds_home in [2.5,3.5) AND train (home_WR_segment - home_WR_global)(team_a) >= 0.12 (n_seg>=8)",20,0.5,0.414,5,0.6,2.778,0.752
"H2 A segdelta>=0.12 cote[2.5,3.5)",A,"bet AWAY: odds_away in [2.5,3.5) AND train (away_WR_segment - away_WR_global)(team_b) >= 0.12 (n_seg>=8)",24,0.4583333333333333,0.31749999999999995,6,0.5,2.9683333333333337,0.5316666666666667
"H3 H even cote[2.0,2.5)",H,"bet H: odds_home in [2.0,2.5) AND round even",343,0.42565597667638483,-0.06758017492711371,150,0.44666666666666666,2.226066666666667,-0.0045999999999999965
"H3 H odd cote[2.0,2.5)",H,"bet H: odds_home in [2.0,2.5) AND round odd",354,0.4152542372881356,-0.08161016949152543,149,0.4161073825503356,2.2167785234899324,-0.08375838926174498
"H3 H segpos=start cote[2.0,2.5)",H,"bet H: odds_home in [2.0,2.5) AND position-in-segment=start",270,0.42592592592592593,-0.06488888888888888,130,0.4076923076923077,2.2021538461538466,-0.1106923076923077
"H3 H segpos=mid cote[2.0,2.5)",H,"bet H: odds_home in [2.0,2.5) AND position-in-segment=mid",182,0.4065934065934066,-0.10379120879120879,68,0.39705882352941174,2.248088235294118,-0.11235294117647057
"H3 H segpos=end cote[2.0,2.5)",H,"bet H: odds_home in [2.0,2.5) AND position-in-segment=end",245,0.42448979591836733,-0.06391836734693876,101,0.48514851485148514,2.2283168316831685,0.08772277227722776
"H3 H even cote[2.5,3.0)",H,"bet H: odds_home in [2.5,3.0) AND round even",176,0.38636363636363635,0.027670454545454536,66,0.36363636363636365,2.663939393939394,-0.039848484848484855
"H3 H odd cote[2.5,3.0)",H,"bet H: odds_home in [2.5,3.0) AND round odd",173,0.34104046242774566,-0.08855491329479771,59,0.423728813559322,2.685593220338984,0.13220338983050847
"H3 H segpos=start cote[2.5,3.0)",H,"bet H: odds_home in [2.5,3.0) AND position-in-segment=start",139,0.35251798561151076,-0.061582733812949646,53,0.41509433962264153,2.669811320754717,0.10207547169811318
"H3 H segpos=mid cote[2.5,3.0)",H,"bet H: odds_home in [2.5,3.0) AND position-in-segment=mid",91,0.37362637362637363,-0.0021978021978022143,37,0.40540540540540543,2.657837837837838,0.08675675675675676
"H3 H segpos=end cote[2.5,3.0)",H,"bet H: odds_home in [2.5,3.0) AND position-in-segment=end",119,0.3697478991596639,-0.014201680672268933,35,0.34285714285714286,2.698,-0.0985714285714286
"H3 H even cote[3.0,4.0)",H,"bet H: odds_home in [3.0,4.0) AND round even",145,0.2827586206896552,-0.010482758620689646,66,0.30303030303030304,3.5430303030303025,0.06878787878787883
"H3 H odd cote[3.0,4.0)",H,"bet H: odds_home in [3.0,4.0) AND round odd",127,0.2677165354330709,-0.06929133858267716,73,0.2328767123287671,3.4724657534246575,-0.20232876712328768
"H3 H segpos=start cote[3.0,4.0)",H,"bet H: odds_home in [3.0,4.0) AND position-in-segment=start",113,0.2831858407079646,-0.018672566371681434,49,0.2653061224489796,3.4963265306122446,-0.08897959183673472
"H3 H segpos=mid cote[3.0,4.0)",H,"bet H: odds_home in [3.0,4.0) AND position-in-segment=mid",66,0.2878787878787879,-0.014090909090909107,39,0.1794871794871795,3.5507692307692307,-0.3384615384615385
"H3 H segpos=end cote[3.0,4.0)",H,"bet H: odds_home in [3.0,4.0) AND position-in-segment=end",93,0.25806451612903225,-0.07827956989247314,51,0.3333333333333333,3.4809803921568627,0.14372549019607841
"H3 H even cote[4.0,6.0)",H,"bet H: odds_home in [4.0,6.0) AND round even",169,0.21301775147928995,0.0749112426035503,53,0.22641509433962265,4.83,0.05849056603773582
"H3 H odd cote[4.0,6.0)",H,"bet H: odds_home in [4.0,6.0) AND round odd",163,0.2085889570552147,-0.011840490797545983,70,0.24285714285714285,4.942142857142857,0.16071428571428573
"H3 H segpos=start cote[4.0,6.0)",H,"bet H: odds_home in [4.0,6.0) AND position-in-segment=start",117,0.23076923076923078,0.11965811965811969,55,0.21818181818181817,4.947636363636363,0.07672727272727273
"H3 H segpos=mid cote[4.0,6.0)",H,"bet H: odds_home in [4.0,6.0) AND position-in-segment=mid",90,0.2111111111111111,0.06588888888888887,32,0.1875,4.90625,-0.1546875
"H3 H segpos=end cote[4.0,6.0)",H,"bet H: odds_home in [4.0,6.0) AND position-in-segment=end",125,0.192,-0.07360000000000003,36,0.3055555555555556,4.8005555555555555,0.41888888888888887
"H3 A even cote[2.0,2.5)",A,"bet A: odds_away in [2.0,2.5) AND round even",177,0.4293785310734463,-0.037457627118644074,66,0.4393939393939394,2.225454545454546,-0.005454545454545432
"H3 A odd cote[2.0,2.5)",A,"bet A: odds_away in [2.0,2.5) AND round odd",145,0.3931034482758621,-0.11379310344827587,59,0.288135593220339,2.2455932203389826,-0.34949152542372874
"H3 A segpos=start cote[2.0,2.5)",A,"bet A: odds_away in [2.0,2.5) AND position-in-segment=start",133,0.39097744360902253,-0.1311278195488722,44,0.3181818181818182,2.2675,-0.2731818181818182
"H3 A segpos=mid cote[2.0,2.5)",A,"bet A: odds_away in [2.0,2.5) AND position-in-segment=mid",77,0.36363636363636365,-0.18428571428571425,34,0.47058823529411764,2.2311764705882347,0.048823529411764724
"H3 A segpos=end cote[2.0,2.5)",A,"bet A: odds_away in [2.0,2.5) AND position-in-segment=end",112,0.4732142857142857,0.07589285714285716,47,0.3404255319148936,2.2072340425531913,-0.22595744680851065
"H3 A even cote[2.5,3.0)",A,"bet A: odds_away in [2.5,3.0) AND round even",237,0.33755274261603374,-0.06658227848101267,97,0.30927835051546393,2.754742268041237,-0.15082474226804124
"H3 A odd cote[2.5,3.0)",A,"bet A: odds_away in [2.5,3.0) AND round odd",260,0.3384615384615385,-0.08057692307692307,104,0.41346153846153844,2.7798076923076924,0.14653846153846156
"H3 A segpos=start cote[2.5,3.0)",A,"bet A: odds_away in [2.5,3.0) AND position-in-segment=start",199,0.2914572864321608,-0.20035175879396983,83,0.3253012048192771,2.7471084337349403,-0.1089156626506024
"H3 A segpos=mid cote[2.5,3.0)",A,"bet A: odds_away in [2.5,3.0) AND position-in-segment=mid",134,0.35074626865671643,-0.0426865671641791,57,0.45614035087719296,2.7887719298245615,0.2617543859649123
"H3 A segpos=end cote[2.5,3.0)",A,"bet A: odds_away in [2.5,3.0) AND position-in-segment=end",164,0.38414634146341464,0.05402439024390241,61,0.32786885245901637,2.7760655737704925,-0.08639344262295079
"H3 A even cote[3.0,4.0)",A,"bet A: odds_away in [3.0,4.0) AND round even",377,0.27055702917771884,-0.06673740053050398,177,0.24293785310734464,3.4875706214689264,-0.1756497175141243
"H3 A odd cote[3.0,4.0)",A,"bet A: odds_away in [3.0,4.0) AND round odd",381,0.29133858267716534,0.013070866141732265,155,0.3096774193548387,3.494903225806451,0.0630967741935484
"H3 A segpos=start cote[3.0,4.0)",A,"bet A: odds_away in [3.0,4.0) AND position-in-segment=start",289,0.28027681660899656,-0.026297577854671298,142,0.28169014084507044,3.484788732394366,-0.039507042253521155
"H3 A segpos=mid cote[3.0,4.0)",A,"bet A: odds_away in [3.0,4.0) AND position-in-segment=mid",211,0.3080568720379147,0.06654028436018956,74,0.28378378378378377,3.498378378378378,-0.04905405405405404
"H3 A segpos=end cote[3.0,4.0)",A,"bet A: odds_away in [3.0,4.0) AND position-in-segment=end",258,0.2596899224806202,-0.1031782945736434,116,0.25862068965517243,3.4938793103448273,-0.10405172413793104
"H3 A even cote[4.0,6.0)",A,"bet A: odds_away in [4.0,6.0) AND round even",419,0.19331742243436753,-0.06400954653937947,201,0.17412935323383086,4.8770149253731345,-0.17527363184079603
"H3 A odd cote[4.0,6.0)",A,"bet A: odds_away in [4.0,6.0) AND round odd",440,0.17954545454545454,-0.15754545454545452,188,0.22340425531914893,4.84686170212766,0.07558510638297873
"H3 A segpos=start cote[4.0,6.0)",A,"bet A: odds_away in [4.0,6.0) AND position-in-segment=start",354,0.192090395480226,-0.11073446327683617,162,0.20987654320987653,4.888271604938271,0.010987654320987661
"H3 A segpos=mid cote[4.0,6.0)",A,"bet A: odds_away in [4.0,6.0) AND position-in-segment=mid",218,0.21100917431192662,0.003761467889908246,112,0.19642857142857142,4.839553571428572,-0.09125000000000003
"H3 A segpos=end cote[4.0,6.0)",A,"bet A: odds_away in [4.0,6.0) AND position-in-segment=end",287,0.1602787456445993,-0.2012543554006969,115,0.1826086956521739,4.848347826086956,-0.10939130434782607
H4 pairs H wr>=0.7 n>=6 (k=72),H,"bet H: ordered pair (team_a,team_b) had train H-WR>=0.7 with n>=6",780,0.8025641025641026,0.1499102564102564,316,0.6772151898734177,1.4308227848101265,-0.06050632911392406
H4 pairs H wr>=0.7 n>=6 cote>=2.0,H,"bet H: golden pair (train WR>=0.7, n>=6) AND odds_home >= 2.0",26,0.8076923076923077,0.7807692307692307,9,0.3333333333333333,2.205555555555555,-0.2988888888888889
H4 pairs H wr>=0.7 n>=8 (k=68),H,"bet H: ordered pair (team_a,team_b) had train H-WR>=0.7 with n>=8",754,0.8010610079575596,0.14135278514588856,299,0.6889632107023411,1.4223745819397993,-0.04919732441471573
H4 pairs H wr>=0.7 n>=8 cote>=2.0,H,"bet H: golden pair (train WR>=0.7, n>=8) AND odds_home >= 2.0",20,0.75,0.6915,6,0.16666666666666666,2.288333333333333,-0.62
H4 pairs H wr>=0.6 n>=6 (k=128),H,"bet H: ordered pair (team_a,team_b) had train H-WR>=0.6 with n>=6",1382,0.7329956584659914,0.10639652677279304,587,0.6354344122657581,1.5317887563884156,-0.06625212947189098
H4 pairs H wr>=0.6 n>=6 cote>=2.0,H,"bet H: golden pair (train WR>=0.6, n>=6) AND odds_home >= 2.0",91,0.6813186813186813,0.4816483516483516,42,0.35714285714285715,2.156904761904762,-0.24738095238095242
H4 pairs H wr>=0.75 n>=6 (k=54),H,"bet H: ordered pair (team_a,team_b) had train H-WR>=0.75 with n>=6",584,0.8304794520547946,0.18174657534246572,239,0.6903765690376569,1.420418410041841,-0.05000000000000002
H4 pairs H wr>=0.75 n>=6 cote>=2.0,H,"bet H: golden pair (train WR>=0.75, n>=6) AND odds_home >= 2.0",26,0.8076923076923077,0.7807692307692307,9,0.3333333333333333,2.205555555555555,-0.2988888888888889
H4 pairs A wr>=0.7 n>=6 (k=22),A,"bet A: ordered pair (team_a,team_b) had train A-WR>=0.7 with n>=6",236,0.788135593220339,0.22025423728813556,103,0.6893203883495146,1.5666990291262137,0.002330097087378645
H4 pairs A wr>=0.7 n>=6 cote>=2.0,A,"bet A: golden pair (train WR>=0.7, n>=6) AND odds_away >= 2.0",32,0.75,0.7659374999999999,14,0.35714285714285715,2.392857142857143,-0.15357142857142853
H4 pairs A wr>=0.7 n>=8 (k=21),A,"bet A: ordered pair (team_a,team_b) had train A-WR>=0.7 with n>=8",229,0.7860262008733624,0.21126637554585154,100,0.69,1.5605000000000002,-0.0030000000000000183
H4 pairs A wr>=0.7 n>=8 cote>=2.0,A,"bet A: golden pair (train WR>=0.7, n>=8) AND odds_away >= 2.0",32,0.75,0.7659374999999999,14,0.35714285714285715,2.392857142857143,-0.15357142857142853
H4 pairs A wr>=0.6 n>=6 (k=43),A,"bet A: ordered pair (team_a,team_b) had train A-WR>=0.6 with n>=6",462,0.7186147186147186,0.17707792207792208,196,0.6428571428571429,1.6678061224489797,-0.004795918367346935
H4 pairs A wr>=0.6 n>=6 cote>=2.0,A,"bet A: golden pair (train WR>=0.6, n>=6) AND odds_away >= 2.0",77,0.6753246753246753,0.6446753246753247,31,0.3225806451612903,2.473870967741935,-0.19516129032258064
H4 pairs A wr>=0.75 n>=6 (k=16),A,"bet A: ordered pair (team_a,team_b) had train A-WR>=0.75 with n>=6",175,0.8171428571428572,0.2002285714285714,76,0.7368421052631579,1.4663157894736845,0.031315789473684186
H4 pairs A wr>=0.75 n>=6 cote>=2.0,A,"bet A: golden pair (train WR>=0.75, n>=6) AND odds_away >= 2.0",12,0.8333333333333334,0.8283333333333333,5,0.6,2.2359999999999998,0.30600000000000005
"H5 H rebond cote[1.0,1.8) prevhome=L",H,"bet HOME: odds_home in [1.0,1.8) AND team_a LOST its previous home match",348,0.5977011494252874,-0.11189655172413793,159,0.660377358490566,1.529874213836478,0.003962264150943412
"H5 A fade cote_home[1.0,1.8) prevhome=L",A,"bet AWAY: odds_home in [1.0,1.8) AND team_a LOST its previous home match",348,0.1752873563218391,-0.02385057471264368,159,0.12578616352201258,6.200691823899372,-0.28465408805031445
"H5 H confirm cote[1.0,1.8) prevhome=W",H,"bet HOME: odds_home in [1.0,1.8) AND team_a WON its previous home match",988,0.6791497975708503,-0.030506072874493938,427,0.6768149882903981,1.4372365339578455,-0.04611241217798595
"H5 H rebond cote[1.8,2.5) prevhome=L",H,"bet HOME: odds_home in [1.8,2.5) AND team_a LOST its previous home match",312,0.42948717948717946,-0.12035256410256409,146,0.4794520547945205,2.1223287671232876,0.01157534246575342
"H5 A fade cote_home[1.8,2.5) prevhome=L",A,"bet AWAY: odds_home in [1.8,2.5) AND team_a LOST its previous home match",312,0.27884615384615385,-0.07961538461538463,146,0.3082191780821918,3.2995205479452054,-0.0339041095890411
"H5 H confirm cote[1.8,2.5) prevhome=W",H,"bet HOME: odds_home in [1.8,2.5) AND team_a WON its previous home match",538,0.48698884758364314,0.005762081784386615,234,0.4017094017094017,2.0735897435897437,-0.17508547008547007
"H5 H rebond cote[2.0,3.0) prevhome=L",H,"bet HOME: odds_home in [2.0,3.0) AND team_a LOST its previous home match",322,0.37888198757763975,-0.09583850931677021,133,0.45112781954887216,2.3377443609022563,0.04541353383458645
"H5 A fade cote_home[2.0,3.0) prevhome=L",A,"bet AWAY: odds_home in [2.0,3.0) AND team_a LOST its previous home match",322,0.35403726708074534,0.006583850931677016,133,0.3157894736842105,2.9428571428571426,-0.0769172932330827
"H5 H confirm cote[2.0,3.0) prevhome=W",H,"bet HOME: odds_home in [2.0,3.0) AND team_a WON its previous home match",463,0.42116630669546434,-0.029632829373650117,190,0.38421052631578945,2.352684210526316,-0.10394736842105266
"H5 H rebond cote[2.5,4.0) prevhome=L",H,"bet HOME: odds_home in [2.5,4.0) AND team_a LOST its previous home match",241,0.33195020746887965,-0.005435684647302914,87,0.3563218390804598,3.202988505747127,0.11999999999999997
"H5 A fade cote_home[2.5,4.0) prevhome=L",A,"bet AWAY: odds_home in [2.5,4.0) AND team_a LOST its previous home match",241,0.4149377593360996,-0.05809128630705396,87,0.3333333333333333,2.198620689655172,-0.27770114942528734
"H5 H confirm cote[2.5,4.0) prevhome=W",H,"bet HOME: odds_home in [2.5,4.0) AND team_a WON its previous home match",227,0.31277533039647576,-0.07110132158590309,114,0.3157894736842105,3.089473684210527,-0.06429824561403509
"H5 H rebond cote[2.0,6.0) prevhome=L",H,"bet HOME: odds_home in [2.0,6.0) AND team_a LOST its previous home match",582,0.3178694158075601,-0.04025773195876289,242,0.371900826446281,3.2073966942148764,0.07826446280991735
"H5 A fade cote_home[2.0,6.0) prevhome=L",A,"bet AWAY: odds_home in [2.0,6.0) AND team_a LOST its previous home match",582,0.4209621993127148,-0.0352405498281787,242,0.3925619834710744,2.447314049586777,-0.09752066115702479
"H5 H confirm cote[2.0,6.0) prevhome=W",H,"bet HOME: odds_home in [2.0,6.0) AND team_a WON its previous home match",662,0.36706948640483383,-0.028429003021148036,295,0.33220338983050846,2.972135593220339,-0.0837966101694915
"H6 H hot(7-9) cote[2.0,3.0)",H,"bet H: odds_home in [2.0,3.0) AND pts last 3 matches of bet team in [7,10)",148,0.3918918918918919,-0.10027027027027029,49,0.40816326530612246,2.3310204081632655,-0.07020408163265308
"H6 H cold(0-2) cote[2.0,3.0)",H,"bet H: odds_home in [2.0,3.0) AND pts last 3 matches of bet team in [0,3)",289,0.3633217993079585,-0.13474048442906575,114,0.4473684210526316,2.4089473684210527,0.0719298245614035
"H6 H mid(4-6) cote[2.0,3.0)",H,"bet H: odds_home in [2.0,3.0) AND pts last 3 matches of bet team in [4,7)",380,0.4342105263157895,0.01328947368421052,173,0.4161849710982659,2.3357803468208096,-0.03757225433526014
"H6 H hot(7-9) cote[3.0,6.0)",H,"bet H: odds_home in [3.0,6.0) AND pts last 3 matches of bet team in [7,10)",59,0.2542372881355932,0.021864406779660988,26,0.19230769230769232,3.9515384615384614,-0.29192307692307695
"H6 H cold(0-2) cote[3.0,6.0)",H,"bet H: odds_home in [3.0,6.0) AND pts last 3 matches of bet team in [0,3)",230,0.2391304347826087,-0.01399999999999998,98,0.25510204081632654,4.195204081632653,0.04214285714285712
"H6 H mid(4-6) cote[3.0,6.0)",H,"bet H: odds_home in [3.0,6.0) AND pts last 3 matches of bet team in [4,7)",191,0.24607329842931938,0.027225130890052338,81,0.2222222222222222,4.187407407407408,-0.12061728395061729
"H6 H hot(7-9) cote[2.0,6.0)",H,"bet H: odds_home in [2.0,6.0) AND pts last 3 matches of bet team in [7,10)",207,0.3526570048309179,-0.06545893719806765,75,0.3333333333333333,2.8928000000000003,-0.14706666666666668
"H6 H cold(0-2) cote[2.0,6.0)",H,"bet H: odds_home in [2.0,6.0) AND pts last 3 matches of bet team in [0,3)",519,0.30828516377649323,-0.08123314065510598,212,0.3584905660377358,3.234669811320755,0.05816037735849058
"H6 H mid(4-6) cote[2.0,6.0)",H,"bet H: odds_home in [2.0,6.0) AND pts last 3 matches of bet team in [4,7)",571,0.3712784588441331,0.017950963222416818,254,0.3543307086614173,2.926259842519685,-0.06405511811023622
"H6 A hot(7-9) cote[2.0,3.0)",A,"bet A: odds_away in [2.0,3.0) AND pts last 3 matches of bet team in [7,10)",196,0.34183673469387754,-0.1663265306122449,96,0.375,2.508125,-0.042083333333333285
"H6 A cold(0-2) cote[2.0,3.0)",A,"bet A: odds_away in [2.0,3.0) AND pts last 3 matches of bet team in [0,3)",141,0.3900709219858156,0.006737588652482258,47,0.44680851063829785,2.5999999999999996,0.13914893617021276
"H6 A mid(4-6) cote[2.0,3.0)",A,"bet A: odds_away in [2.0,3.0) AND pts last 3 matches of bet team in [4,7)",371,0.3450134770889488,-0.12789757412398922,129,0.3178294573643411,2.574108527131783,-0.18023255813953487
"H6 A hot(7-9) cote[3.0,6.0)",A,"bet A: odds_away in [3.0,6.0) AND pts last 3 matches of bet team in [7,10)",240,0.22916666666666666,-0.09733333333333334,101,0.2376237623762376,4.21029702970297,-0.04366336633663368
"H6 A cold(0-2) cote[3.0,6.0)",A,"bet A: odds_away in [3.0,6.0) AND pts last 3 matches of bet team in [0,3)",472,0.21398305084745764,-0.09048728813559324,178,0.20786516853932585,4.2561797752808985,-0.15191011235955057
"H6 A mid(4-6) cote[3.0,6.0)",A,"bet A: odds_away in [3.0,6.0) AND pts last 3 matches of bet team in [4,7)",633,0.2559241706161137,0.006524486571879919,273,0.24175824175824176,4.2403663003663,-0.05117216117216118
"H6 A hot(7-9) cote[2.0,6.0)",A,"bet A: odds_away in [2.0,6.0) AND pts last 3 matches of bet team in [7,10)",436,0.2798165137614679,-0.128348623853211,197,0.30456852791878175,3.3808121827411166,-0.04289340101522842
"H6 A cold(0-2) cote[2.0,6.0)",A,"bet A: odds_away in [2.0,6.0) AND pts last 3 matches of bet team in [0,3)",613,0.2544861337683524,-0.06812398042414357,225,0.2577777777777778,3.910222222222222,-0.09111111111111113
"H6 A mid(4-6) cote[2.0,6.0)",A,"bet A: odds_away in [2.0,6.0) AND pts last 3 matches of bet team in [4,7)",1004,0.28884462151394424,-0.04314741035856573,402,0.26616915422885573,3.705671641791045,-0.09258706467661693
